name,count
querySysDictItemById,"554,286"
queryItemListByDictId,"102,574"
queryPageBySql,"98,833"
queryDataAuthRefListByTablesOnlyDataApi,"55,609"
queryExcludedTablesforDtoOnlyDataApi,"55,609"
selectValidUserByLoginName,"49,414"
queryByToken,"49,412"
queryDataSourcesByDSName,"49,411"
selectApiRole,"49,411"
selectApiRoleIdList,"49,411"
queryDataSourcesByModCodes,"46,026"
queryDataSourcesByDSIds,"46,012"
queryMenuList,"8,828"
queryItemByDictId,"7,708"
queryReportTaskCountsForIndex,"5,613"
queryRuleTaskCountsForIndex,"5,613"
queryUploadTaskCountsForIndex,"5,612"
login,"5,604"
listComSearch,"5,034"
querySysDictItemListByDictId,"4,613"
queryDictByDictIds,"4,306"
getReportVersionList,"4,059"
listAuthTableIdByUserId,"3,322"
listReportDefineByCondition,"3,322"
queryRolesByCondition,"3,316"
pageQueryDirectSubmitTask,"3,118"
queryOrgByOrgIds,"3,114"
listAllFlowStatus,"3,113"
listSysUserByCondition,"3,113"
queryBiInfo4Analysis,"2,708"
tokenCheck,"2,349"
queryReportNameList,"2,323"
queryReportManagePage,"2,180"
queryTagTree,"2,101"
listRuleTypeCondition,"1,938"
listIntervalIdxInfo,"1,878"
queryWatermark,"1,815"
queryCusTree,"1,599"
queryCusIndexTree,"1,578"
querySubmitTaskResultSummary,"1,485"
getCustConditionItem,"1,422"
queryDocReportTaskCountsForIndex,"1,411"
queryDimIndiRelation,"1,274"
queryIndiTemplateRelation,"1,274"
queryExportDataInfo,"1,224"
queryReportDefineByReportId,"1,161"
queryFlowStatusList,"1,082"
queryReceiverRoleList,"1,078"
queryRateDiscntAnnouncePage,"1,019"
listTemplate,991
exportQueryData,928
querySubmitTaskResultDetail,852
listComSearchSale,795
listTemplateProdRank,724
chooseTemplate,670
queryDataSupplementPage,658
getReportStream,595
logout,585
queryAllTableNameList,576
queryTableDataPage,532
queryNaviTableDefineByDataSourceId,516
queryValidateTaskSummaryInfo,479
querySysDictItemByDictIdAndItemCode,457
queryValidateTaskResultRuleSummaryInfo,435
listComSearchPeer,417
reportReRunValidate,416
agencyOrg,413
queryReportNameForDirectSubmit,401
queryRolePage,400
pageDocReportTemplateDefine,398
queryForDataSupplementPermission,381
index.php,374
reportReRun,374
queryForCheckRulesTask,357
queryCusTreePeer,354
selectByDictId,342
queryDmSupTemplateConf,340
queryRdaData,336
queryTablePage,336
queryForRptTable,320
index.html,319
queryPrdOpenPreviewPage,319
monitorAnnounceStatus,296
loadTemplateListByType,285
queryPrdByCode,282
pageDisclosureIssueInfo,276
queryUserPage,269
queryDataSupplementParentPage,262
addRateDiscntAnnounce,238
deleteRdaDataSingle,238
pageDisclosureExpireInfo,238
queryRoleForCheck1lvl,228
selectUnitIdListForDataSupByCondition,228
queryDataSourceList,222
queryNaviTableDataPage,217
pageDisclosureNetWorthInfo,215
getReportTree,213
queryConfigByTableId,210
exportQueryDataSale,208
checkTableColAuth,198
finishDisclosureIssueInfo,198
queryForSysNameAndLabelVal,193
queryNaviMetaTableTree,193
queryUnitIdListForDataSup,184
getRelatedPartyMaintainPage,182
queryParentMenuId,182
relatedTxPrchDetailPage,177
queryMetaTableTree,176
getBizType,172
queryRateDiscntAnnounce4Edit,172
queryDataAuthRefListByEmpId,168
queryDataAuthRefListExcludeByEmpId,168
manualSupplementData,166
verifyReport,166
uploadDataSupplement,165
favicon.ico,163
updatePasswd,157
login.html,154
queryOrgname,154
queryRdaPushLog,154
selectTemplateByRptId,152
finishDisclosureExpireInfo,149
exportReportExcel,145
exportDataCollection,140
updateDoneSysSet,140
getColumnDefineListByCondition,135
pageQueryDeptReviewDataSupplement,132
fileEncrypt,128
queryNaviDmSupTemplateConf,128
queryRoleForSubmitCheck,128
queryRolename,126
submitCheckOfDataSupplement,122
modules.php,120
pageQueryDeptApproveDataSupplement,118
queryUrlVisitInfo,117
judgeTableIsLockedForLvl1,116
judgeTableIsLockedForLvl2,116
queryLogPage,116
queryNaviColumnPrimaryKeysByCondition,116
checkDataSupplement1lvl,114
queryDesensitDetailList,114
lockTableOperation,112
login.jsp,112
modifyRateDiscntAnnounce,112
queryDataAggregationTask,112
checkDataSupplement2lvl,110
listTemplateName,109
relatedPropTradeInvestPage,108
getSpecialIOrg,107
listConsumerProtectReportDefine,106
queryEhrFromGbase,104
listTemplateSale,102
queryRwaData,102
README.txt,100
getQueryCondByTableId,100
downloadReportFileDefine,98
getRelatedPartyType,98
queryTemplateByRptId,98
queryOrgMapByCondition,95
queryUploadTableList,95
login.php,94
supplementValidateConnectedControl,94
index.jsp,92
saveTemplate,90
exportDisclosureNetWorthInfo,88
queryDictForDirectSubmit,87
finishAnnounce,82
queryLatestIstrRate,82
Documentation.html,80
chooseTemplateSale,78
queryDeptList,78
downloadTemplateFile,76
updateRole,75
awstatstotals.php,72
story.pl,72
pageRelatedTxDetailPre,70
queryOrgTree,69
editAchivCmprBchmk,68
queryDictForDataCollection,68
admin.php,66
manualDirectSubmitWemax,66
getRiskLrAssetTree,65
main.php,64
orders,64
0.txt,60
login.aspx,60
plugin.xml,60
index,59
exportRateDiscntAnnounce,58
getRelatedSearchPage,58
clearCurrentUserTempDir,57
cgicso,56
queryNaviTableDefineConf,55
exportNaviTableDataByQueryCondition,54
htsearch,53
exportForCheckRulesTask,52
listPage,52
listIndexDetail,50
style.css,50
users.php,50
batchUnlockTable,48
install.php,48
main,48
wordpress,48
updateDmSupTemplate,47
queryValidateTaskResultRuleDetail,46
checkReportWarnMsg,44
messages.php,44
common.php,42
passwd,42
queryValidateTaskResultRuleCondition,42
updateRwaDataSingle,42
cgi-bin,40
exportDisclosureIssueAnnounce,40
queryByTaskId,40
theme.xml,40
exportParamSupCheckData,38
importRdaData,38
login.action,38
queryReportFileDefinePage,38
listTemplatePeer,37
optionSecuritiesMatchStatus,37
pageInvestigateTask,37
userLogin.asp,37
admin,36
dashboard,36
index.cgi,36
loadScenarioList,36
querySysLogByParamCheckWithDeleteOperation,36
relatedPropRptStatPageTranType,36
sirmappQueryRolename,36
status.php3,36
exportTableDataByQueryCondition,32
index.htm,32
login.asp,32
foot.htm,30
getBeforeDesensitTableList,30
logo.gif,30
queryDataAggregationTaskEnum,30
queryPrdClsRule,30
tomcat.gif,30
queryAccumMoney,29
queryScenDetail,29
downloadSupplementTableData,28
exportDisclosureExpireAnnounce,28
getRptParaByTableId,28
srcDataSup,28
relatedPropRptStatPage,27
antiMoneyLaundIvstgtListDownLoad,26
editReport,26
exportQuerySql,26
queryTemplateFactorList,26
reportReloadBatch,26
reportValidateBeforeEdit,26
webplus,26
sql.php3,25
Dashboard.jspa,24
Main_Analysis_Content.asp,24
Tri%6Eity.txt%2ebak,24
UploadFileUpload.do,24
amf,24
cfcexplorer.cfc,24
channel,24
getSrcTableByRptTableId,24
list,24
macdownload.php,24
opendir.php,24
posts,24
queryStressTestingReportInfo,24
r.cgi,24
relatedBrokerComsPage,24
remotehtmlview.php,24
rest,24
rtr,24
systeminfo,24
uilogonsubmit.jsp,24
update.php,24
upload.cgi,24
uploadplugin.action,24
viewsource.jsp,24
wp-login.php,24
phpmyadmin,23
accounting,22
chooseTemplatePeer,22
exportReportCrossDateValidation,22
getVerifyRuleSwitch,22
importPreprocess,22
login.htm,22
login.jsf,22
login_logo.png,22
pandora_console,22
query.cgi,22
queryForTableName,22
queryReRunDirectSubmitSwitch,22
queryUnitNameByLoginName,22
queryVerifyRuleManage,22
test,22
version,22
web_store.cgi,22
getSelfBusinessType,21
readonly,21
test-cgi,21
CHANGELOG.txt,20
Login.aspx,20
checkTemplateNameByType,20
comments.lbi,20
common.js,20
config.htm,20
css.css,20
css_body.css,20
cutimg.htm,20
cycle_image.xml,20
edit_image.php,20
editsort.htm,20
exportValidateTaskResultRuleDetail,20
footer.html,20
joomla.xml,20
listTagManage,20
logo.png,20
main.css,20
phprocketaddin,20
readme.txt,20
saveTemplateByType,20
scripts,20
set.htm,20
sql.php,20
transport.js,20
validateConnectedControl,20
wlwmanifest.xml,20
zabbix.ico,20
zh_cn.sql,20
getAssetType,19
queryToken,19
relatedPropTradeReceiptPage,19
search,19
control.php3,18
dcforum.cgi,18
exportMsgCollect,18
getAccmMonitorPage,18
infosrch.cgi,18
menu.inc.php,18
queryRiskLrClassTree,18
queryRwaPushLog,18
saveReport,18
search.pl,18
testSysDataSourceConn,18
way-board.cgi,18
install,17
queryRptCheckRulesPage,17
LoginForm.jsp,16
addTableData,16
cli,16
executeStressTest,16
index.js0x70,16
info2www,16
login.do,16
php.cgi,16
queryDataSourceListByCondition,16
queryFlowRecords,16
querySrcData,16
search.cgi,16
showcase.action,16
ustorekeeper.pl,16
queryDictDetailByDictPid,15
actionChange,14
cvsweb.cgi,14
delSingleFileInAtch,14
deleteTemplate,14
downloadStressTestingReportInfo,14
env,14
getPushFlagByDataPeriod,14
html,14
queryRptUploadTaskTreePage,14
store.cgi,14
viewtopic.php,14
webplus.exe,14
whois.cgi,14
pageDaytimeMultiBatchParent,13
rerunDirectSubmitValidate,13
%3f.jsp,12
APISiteScopeImpl,12
Album,12
AxisServlet,12
DBconfigReader.jsp,12
DVR.cfg,12
Device.xml,12
Dockerrun.aws.json,12
EJBInvokerServlet,12
ForensicsAnalysisServlet,12
GeneralChassisConfig.html,12
GetChallengeServlet,12
HQ,12
HTTPServerILServlet,12
HtmlAdaptor,12
JMXInvokerServlet,12
LoginPage.do,12
ServerInfo.jsp,12
SilverStream,12
WikiSandBox,12
XSQLConfig.xml,12
YaBB.pl,12
a,12
account,12
addUser,12
admin.html,12
administrator.cfc,12
am_about.html,12
apexec.pl,12
applicationContext-datasource.xml,12
appspec.yaml,12
appspec.yml,12
auktion.cgi,12
backend.php,12
bash,12
bb-hist.sh,12
bb-hostsvc.sh,12
bigconf.cgi,12
bigdesk,12
blog,12
cgit,12
checkScriptCompile,12
commerce.cgi,12
configurations.do,12
crm,12
dashboardUser,12
decodeArguments,12
dfshealth.html,12
dfshealth.jsp,12
diagnostic.cgi,12
downloadSingleFileInAtch,12
downloadfile.php,12
downloads,12
drawimage.php,12
drupal,12
edit,12
empower,12
eval-stdin.php,12
exportAnnounce,12
exportQueryDataPeer,12
extplorer.xml,12
fgt_lang,12
fileRead.jsp,12
findFavList.action,12
flumemaster.jsp,12
ftp.pl,12
general,12
geoserver,12
getDailyListPage,12
head,12
hsx.cgi,12
ifx,12
javascript.php,12
jmx,12
kopf,12
kvm.cgi,12
listUserInfo,12
logon.htm,12
main.js,12
maintain_feedback.asp,12
marvel,12
master-status,12
mc-admin,12
mostrarelatorio.php,12
mrtg.cgi,12
net.html,12
nodes,12
not_exist,12
oozie,12
org.apache.dubbo.samples.http.api.DemoService,12
org.vulhub.api.CalcService,12
pageRelatedTxDetailPost,12
perl,12
phpadmin,12
phpinfo.php,12
pom.xml,12
properties,12
queryIndustrialClassLvl2ByDictId,12
queryMsgFromPython,12
queryTradeTypeStc,12
resolv.conf,12
rest.jsp,12
result.php,12
robots.txt,12
routes,12
save_restore.xml,12
selectVersionByReportId,12
shopper.cgi,12
showmap,12
sign_in,12
smb.conf,12
snoop.jsp,12
snoop1.jsp,12
soapConfig.xml,12
solr,12
support,12
swc,12
synchronizeUserToBISystem,12
threaddump.jsp,12
timeConfig.php,12
timeConfig2.php,12
ttawebtop.cgi,12
upload,12
upload.php,12
use_finger.php,12
user,12
users,12
vBulletin,12
vb,12
vb5,12
video_file.php,12
viewfile,12
viewpage.action,12
vtiger,12
vtigercrm,12
web.xml,12
webapp,12
webpagetest,12
websvn,12
wp-admin,12
www,12
xampp,12
xmlpserver,12
zml.cgi,12
Admin.po,11
Count.cgi,11
Entries,11
SiteScope,11
Tables,11
checkDetailDownloadFailedData,11
client,11
com5.pl,11
files,11
foo,11
icons,11
nosuchfile-10303-10310.php3,11
otrs,11
phpMyAdmin,11
pma,11
queryRptDirectDetailSubmitTask,11
threaddump1.jsp,11
usage,11
webalizer,11
.editorconfig,10
.gitattributes,10
.htaccess,10
1.htm,10
11.gif,10
123,10
3.gif,10
AppsLocalLogin.jsp,10
Branding_Login_WeblogicConsole.gif,10
Branding_WeblogicConsole.gif,10
CHANGELOG,10
CONTRIBUTING.md,10
COPYRIGHT.txt,10
Default.jsp,10
HelloWorld.action,10
INSTALL,10
INSTALL.mysql.txt,10
INSTALL.pgsql.txt,10
INSTALL.sqlite.txt,10
INSTALL.txt,10
Jcrop.gif,10
KindEditor.js,10
LICENSE.txt,10
Login,10
Login.htm,10
Login.jsp,10
Login.srf,10
Login.xhtml,10
Loginarea_Background.png,10
LogonCustomization,10
MAINTAINERS,10
MAINTAINERS.txt,10
MUP,10
PSCOErrPage.htm,10
Page,10
UPGRADE.txt,10
Version,10
Vineta.ttf,10
WPMS,10
WebLogin.js,10
WordPress-logo.png,10
WordPress.png,10
about_us.htm,10
active-bg.gif,10
activity.dwt,10
add.png,10
addrulesql.htm,10
admin_submit.jpg,10
admin_top_logo.gif,10
adv_line.jpg,10
ajax.js,10
alert.htm,10
alipay.html,10
allowurl.txt,10
animated_favicon.gif,10
announ.gif,10
arrowhead-y.png,10
article.css,10
article.htm,10
article.html,10
article.wml,10
article_coonepage_rule.htm,10
asf-logo.gif,10
ask.htm,10
authorize,10
avatar.gif,10
axis_l.jpg,10
bacodelete.gif,10
base.css,10
bg.gif,10
bg.jpg,10
bg.png,10
bg_form_TL.png,10
big_btn.png,10
blog_sohu.xhtml,10
blogger,10
bookfeedback.php,10
box.js,10
btn.gif,10
btnbg.gif,10
button_bg_n.png,10
buttons.css,10
buttons.min.css,10
carbuyaction.php,10
cas,10
catalog.html,10
ccc.gif,10
cgiServer,10
check.js,10
colors-classic.css,10
common.css,10
company_logo.png,10
conf,10
currentsetting.htm,10
data.sql,10
data_en_us.sql,10
database.xml,10
dedeajax2.js,10
dedecms.css,10
default.js,10
del.gif,10
df_dedetitle.gif,10
dirty.gif,10
document,10
dotAdmin,10
download.php,10
dzh_logo.gif,10
ecshopfiles.md5,10
editor.png,10
en,10
en-GB.com_contact.ini,10
en-GB.ini,10
en-GB.jhtmldate.ini,10
en-GB.lib_joomla_filesystem_patcher.ini,10
en-US.ini,10
epass.vbs,10
error.png,10
error_left.png,10
example.gitignore,10
exchange_goods.dwt,10
exclamation.png,10
exploerscss.js,10
exportBatchCheckData,10
exportMiddleCheckData,10
ext-all.css,10
fail.jpg,10
faq_en_us_utf-8.htm,10
favicon-32x32.png,10
favicon-abe32304.png,10
flink.txt,10
form.htm,10
formTable_left.gif,10
free_login_logo.gif,10
free_nbr_login_skin.gif,10
front.css,10
fuwuqiQuery,10
genHisScen,10
get.htm,10
guestbook.htm,10
gui,10
guicheck.js,10
h2-console,10
hcmlogon.jsp,10
header.htm,10
help.txt,10
home.asp,10
homepage.htm,10
homepage.ico,10
icinga-web,10
ico_fhsy.gif,10
ico_loading3.gif,10
icon.png,10
icon64_error.png,10
img_login.png,10
inc_catalog_base.inc,10
index.ssi,10
index_hz02.gif,10
index_hz03.gif,10
indexer.js,10
info,10
install.png,10
installation.js,10
into.htm,10
j_button1_next.png,10
javaSeesion.js,10
jboss.css,10
jh.ico,10
jquery.js,10
jquery.landray.common.js,10
lang_zh_cn.js,10
left_menus1.gif,10
legacy.info,10
li_10.gif,10
license.html,10
license.txt,10
license_en_us.htm,10
link_bg.gif,10
links,10
live.html,10
llogo.jpg,10
loaddata.js,10
loading.gif,10
loadinglit.gif,10
localJob.php,10
login!intro.action,10
login.cgi,10
login.css,10
login.do;jsessionid=node03pswh4ybz6h71ltt8qs16iiox14907.node0,10
login.esp,10
login.gn,10
login.min.css,10
login.xml,10
loginComm.min.js,10
loginExpire.jsp,10
loginPage.do,10
login_bg3.png,10
login_btn.png,10
login_ico2.gif,10
login_left.jpg,10
login_logo.gif,10
login_map.jpg,10
logininfo,10
loginmpbg.jpg,10
logo-kingdee.gif,10
logo-tw.png,10
logo.jpg,10
logo_right.png,10
logo_wap.png,10
logon.jsp,10
make.htm,10
manage,10
manifest.json,10
media-upload.dev.js,10
member.gif,10
member.lbi,10
metadata.xml,10
mms.diy.js,10
mmsdiy.js,10
mod_banners.xml,10
module.css,10
mstrWeb,10
nc_logo_bg.gif,10
nofile.html,10
non-existent,10
nonnn.action,10
nopic.jpg,10
oa,10
ok.png,10
options,10
org_select.png,10
osmbanner1.png,10
overview,10
page.js,10
pageIdle.gif,10
pages,10
pc,10
photo.jpg,10
phpunit.xml.dist,10
platform.cgi,10
pods,10
pony.js,10
preview.js,10
prod-api,10
prompt.jpg,10
public.css,10
queryAllDataSourceList,10
queryTradeInfoAddition,10
quickmenu.txt,10
qvisdvr,10
readme.gif,10
readme.htm,10
readme.html,10
remittance.gif,10
requireLogin,10
reuser.gif,10
robots.txt.dist,10
rtl.css,10
s.gif,10
search_list.htm,10
select_box_off.gif,10
servlet,10
share.gif,10
showsp2.htm,10
sign-in,10
signin,10
sitemap.html,10
slog_client,10
smartbi,10
splash.jpg,10
status_main.cgi,10
subbotton.gif,10
system_mgr.cgi,10
tag-h4.gif,10
template.css,10
template_list.js,10
test.php,10
test.script,10
test123,10
thanks.html,10
thumbnail.jpg,10
title.gif,10
tomcat.png,10
tongda.ico,10
tools.png,10
top-logo.png,10
topbg.jpg,10
tpl.ini,10
ufida_nc.png,10
updateinfo.txt,10
user.info,10
validator.js,10
vdcode.jpg,10
ver.txt,10
videoconfiguration.cgi,10
w-logo-blue.png,10
wbg.gif,10
weaverlogo.gif,10
web,10
web.config.txt,10
webproc,10
webui,10
welcome,10
white.png,10
widgetButtonBg.gif,10
words.txt,10
worker,10
wp-langs-en.js,10
wp-logo-2x.png,10
wp-scriptaculous.js,10
wp-tinymce.js,10
wrapper.xml,10
ws2021,10
xblib.js,10
xmlrpc.php,10
yes.gif,10
zh-CN.ini,10
zh.json,10
akismet.js,9
chosen.css,9
db.cgi,9
default_avatar_64_64.jpg,9
delRateDiscntAnnounce,9
downbj.png,9
favicon.png,9
headCommon.js,9
jquery-ui-1.8.16.custom.css,9
kibana,9
404,8
LogReport.php,8
actionChain1.action,8
bugs,8
contextList.jsp,8
default.cfm,8
default.cfml,8
exportDetailValidation,8
exportQuerySqlSale,8
exportReportCrossTableTemplateValidateResult,8
exportReportPositionDetail,8
functionRouter,8
heapdump,8
home.cfm,8
home.cfml,8
index.action,8
index.cfm,8
index.cfml,8
pageListProductOpenPreviewInfo,8
queryAutoDirectSubmitReport,8
queryForRptTableByCondition,8
querySysDictTreeDictItem,8
refresh,8
relatedPropTradeInvestExport,8
saveTemplatePeer,8
srcDataSupDownloadTemplate,8
submit,8
updateTableData,8
xmldata,8
BasicDevice.xml,7
beans,7
bugzilla,7
cgi-bindirectory.php,7
login_session,7
scriptsdirectory.php,7
RPC2,6
ReleaseNotes.html,6
admin_,6
admin_styles.php,6
airport.xsql,6
ashnews.php,6
calendar.php,6
car.php,6
checkScenName,6
configprops,6
db_details_importdocsql.php,6
default.jsp,6
demo,6
dms0,6
exportPrdExpireIndexFile,6
exportPrdIssueIndexFile,6
exportRwaData,6
faq,6
file.php,6
flowRecord,6
globals.jsa,6
httptrace,6
index.do,6
list.action,6
loggers,6
manager-howto.html,6
manualPush,6
manualRerun,6
mappings,6
nuke,6
nuke50,6
nuke60,6
nuke65,6
oprocmgr-status,6
org.apache.catalina.servlets.DefaultServlet,6
org.apache.soap.util.xml.XMISerializer.html,6
packages.html,6
pageDocReportTask,6
pageProductInfo,6
php,6
phpmyfaq,6
phpnew,6
profile.jsp,6
query.xsql,6
queryDataAggTaskLog,6
queryPSysDictTypeList,6
queryPrdIndexList,6
queryRptCalendarMap,6
querySysDictTree,6
queryTablesList,6
relatedTxPrchDetailExport,6
resetPasswd,6
saveCustomRuleTag,6
saveScen,6
saveShareTemplate,6
server-info,6
server-status,6
shoutbox.php,6
soaprouter,6
sort.jsp,6
source.jsp,6
thebox.php,6
toggleVerifyRuleSwitch,6
topic.jsp,6
updateSysDataSource,6
updateUser,6
week.php,6
zabbix.php,6
listQueryReportId,5
.DS_Store,4
CVE_2022_22965_exploited.txt,4
FetchFile,4
abandonTask,4
addReportFileDefine,4
antiMoneyLaundIvstgtListDownLoadReal,4
checkBeforeRptSrcOnlineTask,4
exportRateDiscntAnnounceList,4
hessian,4
investGenerateSnapshot,4
investGetSnapshotData,4
jfmCFmfVWrtk.cfm,4
jfmCFmfVWrtk.cgi,4
jfmCFmfVWrtk.html,4
jfmCFmfVWrtk.inc,4
jfmCFmfVWrtk.php,4
jfmCFmfVWrtk.php3,4
jfmCFmfVWrtk.pl,4
jfmCFmfVWrtk.sh,4
jfmCFmfVWrtk.shtml,4
listNextProcessor,4
listProductCode,4
queryByDictType,4
Other,366
